{
    // L2 halo orbits. Table A.1 from reference
    "lstar": 384400.0,
    "tstar": 375190.25852,
    "jc":     [3.0591, 3.0493, 3.0411, 3.0341, 3.0283, 3.0236],
    "period": [1.3632096570, 1.4748399512, 1.5872714606, 1.7008482705, 1.8155211042, 1.9311168544],
    "x0":     [1.0110350588, 1.0192741002, 1.0277926091, 1.0362652156, 1.0445681848, 1.0526805665],
    "z0":     [-0.1731500000, -0.1801324242, -0.1858044184, -0.1904417454, -0.1942338538, -0.1972878310],
    "ydot0":  [-0.0780141199, -0.0971927950, -0.1154896637, -0.1322667493, -0.1473971442, -0.1609628828]
}
