{
    // L2 halo orbits. Table A.1 from reference (Spreen, "Trajectory Design and Targeting For Applications to the Exploration Program in Cislunar Space", 2021)
    "lstar": 384400.0,
    "tstar": 375190.25852,
    "jc": [
        3.0591,
        3.0493,
        3.0411,
        3.0341,
        3.0283,
        3.0236,
        3.0199,
        3.0171,
        3.0155,
        3.0152,
        3.0162,
        3.0188,
        3.0234,
        3.0313,
        3.0424,
        3.0584,
        3.0807,
        3.1085,
        3.1359,
        3.1521
    ],
    "period": [
        1.3632096570,
        1.4748399512,
        1.5872714606,
        1.7008482705,
        1.8155211042,
        1.9311168544,
        2.0474562565,
        2.1741533495,
        2.2915829886,
        2.4093619266,
        2.5273849254,
        2.6455248145,
        2.7635889805,
        2.8909903824,
        3.0073088423,
        3.1205655022,
        3.2266000495,
        3.3173903769,
        3.3833013605,
        3.4154433338
    ],
    "x0": [
        1.0110350588,
        1.0192741002,
        1.0277926091,
        1.0362652156,
        1.0445681848,
        1.0526805665,
        1.0606277874,
        1.0691059976,
        1.0768767277,
        1.0846726654,
        1.0925906981,
        1.1007585320,
        1.1093498794,
        1.1194130163,
        1.1297344316,
        1.1413664663,
        1.1542349115,
        1.1669663066,
        1.1766385512,
        1.1808881373
    ],
    "z0": [
        -0.1731500000,
        -0.1801324242,
        -0.1858044184,
        -0.1904417454,
        -0.1942338538,
        -0.1972878310,
        -0.1996480091,
        -0.2014140887,
        -0.2022559057,
        -0.2022295078,
        -0.2011567058,
        -0.1987609769,
        -0.1946155759,
        -0.1873686594,
        -0.1769810336,
        -0.1612996515,
        -0.1379744940,
        -0.1049833863,
        -0.0621463948,
        -0.0032736457
    ],
    "ydot0": [
        -0.0780141199,
        -0.0971927950,
        -0.1154896637,
        -0.1322667493,
        -0.1473971442,
        -0.1609628828,
        -0.1731020372,
        -0.1847950147,
        -0.1943508955,
        -0.2027817501,
        -0.2101017213,
        -0.2162644440,
        -0.2211327592,
        -0.2246002627,
        -0.2254855800,
        -0.2229158600,
        -0.2147411949,
        -0.1984458292,
        -0.1748356762,
        -0.1559184478
    ]
}